{
  "accuracy": 0.45,
  "balanced_accuracy": 0.3088888888888889,
  "macro_f1": 0.20408163265306123,
  "weighted_f1": 0.4321428571428571,
  "macro_precision": 0.2006802721088435,
  "macro_recall": 0.22063492063492066,
  "weighted_precision": 0.4404761904761904,
  "weighted_recall": 0.45,
  "confusion_matrix": [
    [
      3,
      0,
      0,
      0,
      0,
      0,
      2
    ],
    [
      0,
      0,
      1,
      0,
      0,
      0,
      0
    ],
    [
      1,
      0,
      2,
      0,
      0,
      0,
      1
    ],
    [
      1,
      0,
      0,
      0,
      0,
      0,
      0
    ],
    [
      0,
      0,
      0,
      0,
      0,
      0,
      0
    ],
    [
      0,
      0,
      0,
      0,
      0,
      0,
      0
    ],
    [
      4,
      0,
      1,
      0,
      0,
      0,
      4
    ]
  ],
  "report": {
    "NORMAL": {
      "precision": 0.3333333333333333,
      "recall": 0.6,
      "f1-score": 0.42857142857142855,
      "support": 5.0
    },
    "AMD": {
      "precision": 0.0,
      "recall": 0.0,
      "f1-score": 0.0,
      "support": 1.0
    },
    "DR": {
      "precision": 0.5,
      "recall": 0.5,
      "f1-score": 0.5,
      "support": 4.0
    },
    "CNV": {
      "precision": 0.0,
      "recall": 0.0,
      "f1-score": 0.0,
      "support": 1.0
    },
    "CSC": {
      "precision": 0.0,
      "recall": 0.0,
      "f1-score": 0.0,
      "support": 0.0
    },
    "RVO": {
      "precision": 0.0,
      "recall": 0.0,
      "f1-score": 0.0,
      "support": 0.0
    },
    "OTHERS": {
      "precision": 0.5714285714285714,
      "recall": 0.4444444444444444,
      "f1-score": 0.5,
      "support": 9.0
    },
    "accuracy": 0.45,
    "macro avg": {
      "precision": 0.2006802721088435,
      "recall": 0.22063492063492066,
      "f1-score": 0.20408163265306123,
      "support": 20.0
    },
    "weighted avg": {
      "precision": 0.4404761904761904,
      "recall": 0.45,
      "f1-score": 0.4321428571428571,
      "support": 20.0
    }
  },
  "loss": 1.7027724385261536
}