{
  "accuracy": 0.86,
  "balanced_accuracy": 0.48125,
  "macro_f1": 0.42839506172839503,
  "weighted_f1": 0.8268641975308643,
  "macro_precision": 0.39227642276422764,
  "macro_recall": 0.48125,
  "weighted_precision": 0.8019512195121952,
  "weighted_recall": 0.86,
  "confusion_matrix": [
    [
      37,
      0,
      3,
      0
    ],
    [
      2,
      0,
      0,
      0
    ],
    [
      0,
      0,
      6,
      0
    ],
    [
      2,
      0,
      0,
      0
    ]
  ],
  "report": {
    "NORMAL": {
      "precision": 0.9024390243902439,
      "recall": 0.925,
      "f1-score": 0.9135802469135802,
      "support": 40.0
    },
    "AMD": {
      "precision": 0.0,
      "recall": 0.0,
      "f1-score": 0.0,
      "support": 2.0
    },
    "DR": {
      "precision": 0.6666666666666666,
      "recall": 1.0,
      "f1-score": 0.8,
      "support": 6.0
    },
    "CNV": {
      "precision": 0.0,
      "recall": 0.0,
      "f1-score": 0.0,
      "support": 2.0
    },
    "accuracy": 0.86,
    "macro avg": {
      "precision": 0.39227642276422764,
      "recall": 0.48125,
      "f1-score": 0.42839506172839503,
      "support": 50.0
    },
    "weighted avg": {
      "precision": 0.8019512195121952,
      "recall": 0.86,
      "f1-score": 0.8268641975308643,
      "support": 50.0
    }
  }
}